Iterations,Markets visited,runtimes,population_size
1.0,14.0,0.005633,50.0
1.0,12.0,0.004778,50.0
1.0,11.0,0.005774,50.0
1.0,12.0,0.008892,50.0
1.0,11.0,0.006087,50.0
1.0,11.0,0.005915,50.0
1.0,11.0,0.0065,50.0
1.0,11.0,0.006739,50.0
1.0,11.0,0.006758,50.0
1.0,12.0,0.006167,50.0
2.0,12.0,0.011657,50.0
2.0,11.0,0.008501,50.0
2.0,11.0,0.016877,50.0
2.0,12.0,0.012405,50.0
2.0,11.0,0.01297,50.0
2.0,11.0,0.010605,50.0
2.0,12.0,0.012389,50.0
2.0,11.0,0.01306,50.0
2.0,11.0,0.012316,50.0
2.0,12.0,0.012843,50.0
3.0,12.0,0.019973,50.0
3.0,11.0,0.01882,50.0
3.0,12.0,0.015987,50.0
3.0,15.0,0.019914,50.0
3.0,12.0,0.020666,50.0
3.0,12.0,0.020985,50.0
3.0,12.0,0.020278,50.0
3.0,12.0,0.012726,50.0
3.0,12.0,0.018891,50.0
3.0,12.0,0.02015,50.0
4.0,12.0,0.026028,50.0
4.0,12.0,0.026274,50.0
4.0,12.0,0.028952,50.0
4.0,12.0,0.026434,50.0
4.0,13.0,0.026644,50.0
4.0,12.0,0.025685,50.0
4.0,12.0,0.02896,50.0
4.0,11.0,0.026588,50.0
4.0,12.0,0.027951,50.0
4.0,12.0,0.02647,50.0
5.0,13.0,0.02978,50.0
5.0,12.0,0.022077,50.0
5.0,11.0,0.033988,50.0
5.0,12.0,0.031869,50.0
5.0,12.0,0.034284,50.0
5.0,12.0,0.032212,50.0
5.0,12.0,0.038995,50.0
5.0,13.0,0.035909,50.0
5.0,12.0,0.036618,50.0
5.0,13.0,0.034993,50.0
6.0,11.0,0.032358,50.0
6.0,13.0,0.031261,50.0
6.0,12.0,0.041323,50.0
6.0,12.0,0.04222,50.0
6.0,12.0,0.037668,50.0
6.0,12.0,0.039216,50.0
6.0,12.0,0.039287,50.0
6.0,12.0,0.040924,50.0
6.0,12.0,0.039013,50.0
6.0,13.0,0.039239,50.0
7.0,13.0,0.054945,50.0
7.0,12.0,0.02969,50.0
7.0,13.0,0.047468,50.0
7.0,13.0,0.0473,50.0
7.0,13.0,0.049407,50.0
7.0,13.0,0.050563,50.0
7.0,13.0,0.046306,50.0
7.0,14.0,0.048391,50.0
7.0,12.0,0.037876,50.0
7.0,13.0,0.056157,50.0
9.0,13.0,0.059504,50.0
9.0,12.0,0.073458,50.0
9.0,13.0,0.058638,50.0
9.0,13.0,0.059934,50.0
9.0,13.0,0.060122,50.0
9.0,14.0,0.060566,50.0
9.0,14.0,0.049734,50.0
9.0,13.0,0.06808,50.0
9.0,13.0,0.060682,50.0
9.0,13.0,0.064136,50.0
10.0,13.0,0.070088,50.0
10.0,13.0,0.06799,50.0
10.0,13.0,0.044452,50.0
10.0,14.0,0.076109,50.0
10.0,15.0,0.068535,50.0
10.0,14.0,0.065093,50.0
10.0,14.0,0.064637,50.0
10.0,13.0,0.064332,50.0
10.0,13.0,0.064301,50.0
10.0,13.0,0.068774,50.0
12.0,13.0,0.080774,50.0
12.0,13.0,0.078584,50.0
12.0,13.0,0.080511,50.0
12.0,13.0,0.086508,50.0
12.0,15.0,0.085465,50.0
12.0,13.0,0.073872,50.0
12.0,13.0,0.089076,50.0
12.0,12.0,0.077781,50.0
12.0,14.0,0.088715,50.0
12.0,14.0,0.084059,50.0
15.0,13.0,0.10797,50.0
15.0,14.0,0.110996,50.0
15.0,13.0,0.102215,50.0
15.0,14.0,0.100431,50.0
15.0,14.0,0.104416,50.0
15.0,14.0,0.072864,50.0
15.0,15.0,0.10865,50.0
15.0,14.0,0.100646,50.0
15.0,14.0,0.109665,50.0
15.0,14.0,0.112,50.0
17.0,13.0,0.126577,50.0
17.0,15.0,0.131959,50.0
17.0,15.0,0.096276,50.0
17.0,14.0,0.1177,50.0
17.0,14.0,0.119053,50.0
17.0,14.0,0.114339,50.0
17.0,14.0,0.112515,50.0
17.0,14.0,0.121734,50.0
17.0,13.0,0.122744,50.0
17.0,14.0,0.12253,50.0
21.0,14.0,0.142563,50.0
21.0,15.0,0.14688,50.0
21.0,14.0,0.144861,50.0
21.0,15.0,0.150627,50.0
21.0,14.0,0.14809,50.0
21.0,14.0,0.160732,50.0
21.0,16.0,0.15913,50.0
21.0,15.0,0.166819,50.0
21.0,13.0,0.144665,50.0
21.0,13.0,0.145306,50.0
24.0,16.0,0.177972,50.0
24.0,15.0,0.136495,50.0
24.0,14.0,0.170458,50.0
24.0,14.0,0.172963,50.0
24.0,15.0,0.1722,50.0
24.0,14.0,0.178651,50.0
24.0,15.0,0.169174,50.0
24.0,15.0,0.171032,50.0
24.0,14.0,0.151116,50.0
24.0,15.0,0.184958,50.0
29.0,14.0,0.214175,50.0
29.0,15.0,0.224353,50.0
29.0,15.0,0.208959,50.0
29.0,15.0,0.215325,50.0
29.0,15.0,0.200111,50.0
29.0,16.0,0.211848,50.0
29.0,16.0,0.231937,50.0
29.0,14.0,0.216524,50.0
29.0,13.0,0.218604,50.0
29.0,15.0,0.210903,50.0
34.0,14.0,0.261015,50.0
34.0,15.0,0.259057,50.0
34.0,14.0,0.250256,50.0
34.0,15.0,0.207466,50.0
34.0,15.0,0.246752,50.0
34.0,15.0,0.274613,50.0
34.0,15.0,0.242149,50.0
34.0,14.0,0.257683,50.0
34.0,14.0,0.271077,50.0
34.0,15.0,0.204987,50.0
41.0,15.0,0.282223,50.0
41.0,15.0,0.327077,50.0
41.0,15.0,0.332186,50.0
41.0,16.0,0.330847,50.0
41.0,16.0,0.297814,50.0
41.0,14.0,0.30313,50.0
41.0,16.0,0.317282,50.0
41.0,15.0,0.238717,50.0
41.0,17.0,0.308341,50.0
41.0,15.0,0.280894,50.0
49.0,16.0,0.400252,50.0
49.0,17.0,0.388341,50.0
49.0,15.0,0.381875,50.0
49.0,16.0,0.400403,50.0
49.0,16.0,0.399509,50.0
49.0,14.0,0.356217,50.0
49.0,16.0,0.344576,50.0
49.0,14.0,0.353017,50.0
49.0,15.0,0.35932,50.0
49.0,16.0,0.356158,50.0
58.0,15.0,0.445852,50.0
58.0,16.0,0.454861,50.0
58.0,17.0,0.452957,50.0
58.0,14.0,0.419767,50.0
58.0,16.0,0.347586,50.0
58.0,16.0,0.428241,50.0
58.0,15.0,0.481458,50.0
58.0,15.0,0.440086,50.0
58.0,15.0,0.415387,50.0
58.0,15.0,0.405591,50.0
68.0,16.0,0.503602,50.0
68.0,17.0,0.509698,50.0
68.0,16.0,0.540924,50.0
68.0,16.0,0.511079,50.0
68.0,15.0,0.52112,50.0
68.0,15.0,0.528357,50.0
68.0,15.0,0.516702,50.0
68.0,14.0,0.509247,50.0
68.0,16.0,0.515216,50.0
68.0,16.0,0.510899,50.0
81.0,15.0,0.604714,50.0
81.0,17.0,0.646526,50.0
81.0,16.0,0.62898,50.0
81.0,17.0,0.647254,50.0
81.0,15.0,0.609469,50.0
81.0,16.0,0.611381,50.0
81.0,16.0,0.604592,50.0
81.0,15.0,0.651869,50.0
81.0,15.0,0.620108,50.0
81.0,15.0,0.656941,50.0
96.0,16.0,0.747099,50.0
96.0,15.0,0.748378,50.0
96.0,15.0,0.605745,50.0
96.0,16.0,0.759131,50.0
96.0,15.0,0.718983,50.0
96.0,16.0,0.793901,50.0
96.0,16.0,0.781045,50.0
96.0,16.0,0.717276,50.0
96.0,15.0,0.791935,50.0
96.0,16.0,0.789718,50.0
114.0,17.0,0.883636,50.0
114.0,14.0,0.869093,50.0
114.0,16.0,0.936106,50.0
114.0,16.0,0.919081,50.0
114.0,16.0,0.908634,50.0
114.0,16.0,0.884048,50.0
114.0,17.0,0.91209,50.0
114.0,15.0,0.953143,50.0
114.0,15.0,0.849718,50.0
114.0,17.0,0.900102,50.0
135.0,16.0,1.164749,50.0
135.0,16.0,1.112966,50.0
135.0,16.0,1.034043,50.0
135.0,16.0,1.047969,50.0
135.0,16.0,1.013966,50.0
135.0,16.0,0.864689,50.0
135.0,16.0,1.156975,50.0
135.0,16.0,1.081887,50.0
135.0,16.0,1.091008,50.0
135.0,16.0,1.051938,50.0
160.0,16.0,1.261438,50.0
160.0,16.0,1.262536,50.0
160.0,15.0,1.255191,50.0
160.0,15.0,1.159924,50.0
160.0,17.0,1.222033,50.0
160.0,16.0,1.311322,50.0
160.0,16.0,1.384615,50.0
160.0,16.0,1.26404,50.0
160.0,16.0,1.145606,50.0
160.0,16.0,1.133684,50.0
190.0,17.0,1.588902,50.0
190.0,15.0,1.446788,50.0
190.0,15.0,1.502721,50.0
190.0,15.0,1.435955,50.0
190.0,17.0,1.607978,50.0
190.0,16.0,1.521179,50.0
190.0,16.0,1.575927,50.0
190.0,15.0,1.40031,50.0
190.0,15.0,1.57763,50.0
190.0,15.0,1.434537,50.0
225.0,17.0,2.034052,50.0
225.0,17.0,1.728476,50.0
225.0,16.0,1.823881,50.0
225.0,15.0,1.802071,50.0
225.0,17.0,1.944085,50.0
225.0,16.0,1.704994,50.0
225.0,17.0,1.800779,50.0
225.0,17.0,1.964436,50.0
225.0,15.0,1.83988,50.0
225.0,15.0,1.759421,50.0
266.0,16.0,2.080116,50.0
266.0,16.0,2.166713,50.0
266.0,17.0,2.189018,50.0
266.0,16.0,2.155129,50.0
266.0,16.0,2.086605,50.0
266.0,16.0,2.181629,50.0
266.0,16.0,2.202753,50.0
266.0,16.0,2.14361,50.0
266.0,16.0,2.066207,50.0
266.0,16.0,2.091274,50.0
315.0,15.0,2.365424,50.0
315.0,14.0,2.546118,50.0
315.0,17.0,2.449646,50.0
315.0,16.0,2.607447,50.0
315.0,16.0,2.740092,50.0
315.0,16.0,2.492,50.0
315.0,16.0,2.747037,50.0
315.0,17.0,2.499537,50.0
315.0,16.0,2.449294,50.0
315.0,16.0,2.434767,50.0
374.0,16.0,2.988201,50.0
374.0,16.0,2.91322,50.0
374.0,16.0,2.981204,50.0
374.0,17.0,3.164047,50.0
374.0,17.0,2.894078,50.0
374.0,17.0,2.924253,50.0
374.0,17.0,3.049363,50.0
374.0,15.0,2.559501,50.0
374.0,16.0,3.001481,50.0
374.0,17.0,2.968874,50.0
443.0,14.0,3.212989,50.0
443.0,16.0,3.612604,50.0
443.0,17.0,3.74742,50.0
443.0,15.0,3.484748,50.0
443.0,17.0,3.637791,50.0
443.0,17.0,3.739701,50.0
443.0,16.0,3.559071,50.0
443.0,15.0,3.459516,50.0
443.0,16.0,3.479327,50.0
443.0,17.0,3.522686,50.0
524.0,17.0,4.065438,50.0
524.0,16.0,4.155912,50.0
524.0,15.0,4.153975,50.0
524.0,17.0,4.27375,50.0
524.0,17.0,4.280586,50.0
524.0,16.0,3.793247,50.0
524.0,17.0,4.069698,50.0
524.0,16.0,4.123137,50.0
524.0,16.0,4.101472,50.0
524.0,16.0,4.205186,50.0
621.0,17.0,4.962502,50.0
621.0,17.0,5.057463,50.0
621.0,15.0,4.792602,50.0
621.0,17.0,5.037257,50.0
621.0,16.0,5.088981,50.0
621.0,17.0,4.979852,50.0
621.0,18.0,5.29294,50.0
621.0,16.0,4.677236,50.0
621.0,17.0,4.888094,50.0
621.0,16.0,4.996669,50.0
736.0,18.0,6.322347,50.0
736.0,16.0,6.024128,50.0
736.0,17.0,6.129694,50.0
736.0,17.0,6.087107,50.0
736.0,17.0,6.018037,50.0
736.0,18.0,6.164436,50.0
736.0,17.0,6.196525,50.0
736.0,16.0,6.019024,50.0
736.0,16.0,5.867517,50.0
736.0,17.0,6.248236,50.0
871.0,19.0,7.169516,50.0
871.0,16.0,7.0696,50.0
871.0,17.0,7.022983,50.0
871.0,19.0,7.116232,50.0
871.0,16.0,7.266671,50.0
871.0,18.0,7.289748,50.0
871.0,16.0,6.726364,50.0
871.0,17.0,7.219564,50.0
871.0,17.0,7.658902,50.0
871.0,16.0,6.731123,50.0
1032.0,18.0,8.691906,50.0
1032.0,17.0,8.647972,50.0
1032.0,16.0,8.306137,50.0
1032.0,16.0,8.153435,50.0
1032.0,16.0,8.255359,50.0
1032.0,17.0,8.662575,50.0
1032.0,16.0,8.283362,50.0
1032.0,17.0,8.570088,50.0
1032.0,16.0,8.2188,50.0
1032.0,18.0,8.732045,50.0
1223.0,16.0,9.837198,50.0
1223.0,18.0,10.44805,50.0
1223.0,17.0,10.422429,50.0
1223.0,18.0,10.05122,50.0
1223.0,16.0,9.702207,50.0
1223.0,17.0,10.440137,50.0
1223.0,17.0,10.20401,50.0
1223.0,16.0,10.04741,50.0
1223.0,17.0,10.328452,50.0
1223.0,16.0,9.987261,50.0
1448.0,16.0,11.705103,50.0
1448.0,18.0,12.397069,50.0
1448.0,16.0,11.35457,50.0
1448.0,17.0,12.358433,50.0
1448.0,17.0,12.01304,50.0
1448.0,17.0,12.459071,50.0
1448.0,17.0,12.193716,50.0
1448.0,17.0,11.997488,50.0
1448.0,16.0,11.786832,50.0
1448.0,18.0,12.096825,50.0
1715.0,17.0,13.814745,50.0
1715.0,17.0,14.224778,50.0
1715.0,17.0,14.128337,50.0
1715.0,17.0,14.556652,50.0
1715.0,17.0,14.041338,50.0
1715.0,17.0,14.58841,50.0
1715.0,17.0,14.261596,50.0
1715.0,17.0,13.807769,50.0
1715.0,17.0,13.375349,50.0
1715.0,17.0,13.98825,50.0
2032.0,17.0,16.076785,50.0
2032.0,17.0,16.691046,50.0
2032.0,17.0,16.867838,50.0
2032.0,17.0,16.613668,50.0
2032.0,17.0,15.119067,50.0
2032.0,17.0,16.477298,50.0
2032.0,17.0,16.932899,50.0
2032.0,17.0,16.635895,50.0
2032.0,17.0,14.998631,50.0
2032.0,17.0,16.756661,50.0
2407.0,17.0,19.792592,50.0
2407.0,17.0,18.991807,50.0
2407.0,16.0,18.965888,50.0
2407.0,17.0,19.512161,50.0
2407.0,16.0,18.369975,50.0
2407.0,17.0,20.013327,50.0
2407.0,17.0,18.406614,50.0
2407.0,16.0,18.418416,50.0
2407.0,16.0,19.450867,50.0
2407.0,16.0,19.243131,50.0
2851.0,18.0,23.961301,50.0
2851.0,18.0,23.976781,50.0
2851.0,18.0,24.411099,50.0
2851.0,18.0,24.37164,50.0
2851.0,18.0,23.891739,50.0
2851.0,18.0,23.086611,50.0
2851.0,18.0,23.970349,50.0
2851.0,18.0,24.847947,50.0
2851.0,18.0,24.20318,50.0
2851.0,18.0,24.06671,50.0
3377.0,17.0,27.823445,50.0
3377.0,17.0,28.007716,50.0
3377.0,17.0,27.709165,50.0
3377.0,17.0,27.159649,50.0
3377.0,17.0,27.940418,50.0
3377.0,16.0,26.860159,50.0
3377.0,16.0,26.166327,50.0
3377.0,16.0,24.995643,50.0
3377.0,16.0,25.804363,50.0
3377.0,16.0,25.558529,50.0
4000.0,16.0,30.882884,50.0
4000.0,16.0,31.485684,50.0
4000.0,16.0,30.836559,50.0
4000.0,16.0,31.548993,50.0
4000.0,16.0,30.271654,50.0
4000.0,16.0,31.291606,50.0
4000.0,16.0,29.95878,50.0
4000.0,16.0,31.420952,50.0
4000.0,16.0,30.394605,50.0
4000.0,16.0,31.093285,50.0
1.0,12.0,0.011641,100.0
1.0,11.0,0.011421,100.0
1.0,12.0,0.009661,100.0
1.0,12.0,0.014551,100.0
1.0,11.0,0.013356,100.0
1.0,12.0,0.013441,100.0
1.0,12.0,0.013504,100.0
1.0,12.0,0.013127,100.0
1.0,11.0,0.012915,100.0
1.0,11.0,0.015931,100.0
2.0,12.0,0.030451,100.0
2.0,12.0,0.021861,100.0
2.0,12.0,0.025543,100.0
2.0,14.0,0.027853,100.0
2.0,11.0,0.028541,100.0
2.0,11.0,0.030475,100.0
2.0,11.0,0.026939,100.0
2.0,12.0,0.027077,100.0
2.0,11.0,0.01999,100.0
2.0,13.0,0.028906,100.0
3.0,12.0,0.038884,100.0
3.0,13.0,0.04164,100.0
3.0,12.0,0.043498,100.0
3.0,12.0,0.05043,100.0
3.0,12.0,0.046125,100.0
3.0,12.0,0.042663,100.0
3.0,13.0,0.043112,100.0
3.0,12.0,0.042998,100.0
3.0,11.0,0.044418,100.0
3.0,12.0,0.064298,100.0
4.0,11.0,0.057221,100.0
4.0,12.0,0.055986,100.0
4.0,12.0,0.043331,100.0
4.0,13.0,0.055093,100.0
4.0,12.0,0.053514,100.0
4.0,14.0,0.06134,100.0
4.0,12.0,0.05703,100.0
4.0,13.0,0.054342,100.0
4.0,13.0,0.066486,100.0
4.0,12.0,0.055125,100.0
5.0,13.0,0.073926,100.0
5.0,13.0,0.072082,100.0
5.0,13.0,0.063843,100.0
5.0,12.0,0.063258,100.0
5.0,12.0,0.075949,100.0
5.0,13.0,0.074819,100.0
5.0,13.0,0.071141,100.0
5.0,12.0,0.091396,100.0
5.0,13.0,0.066771,100.0
5.0,12.0,0.082589,100.0
6.0,13.0,0.095507,100.0
6.0,12.0,0.140614,100.0
6.0,13.0,0.093782,100.0
6.0,13.0,0.090707,100.0
6.0,13.0,0.076041,100.0
6.0,13.0,0.110439,100.0
6.0,13.0,0.09737,100.0
6.0,13.0,0.127541,100.0
6.0,12.0,0.100804,100.0
6.0,13.0,0.086679,100.0
7.0,12.0,0.157361,100.0
7.0,14.0,0.100638,100.0
7.0,13.0,0.128575,100.0
7.0,12.0,0.096732,100.0
7.0,14.0,0.113499,100.0
7.0,12.0,0.096766,100.0
7.0,13.0,0.121523,100.0
7.0,14.0,0.10813,100.0
7.0,13.0,0.095455,100.0
7.0,13.0,0.108769,100.0
9.0,13.0,0.144806,100.0
9.0,13.0,0.135583,100.0
9.0,13.0,0.130057,100.0
9.0,14.0,0.20777,100.0
9.0,13.0,0.157211,100.0
9.0,13.0,0.129916,100.0
9.0,13.0,0.125444,100.0
9.0,15.0,0.130638,100.0
9.0,14.0,0.128218,100.0
9.0,14.0,0.159695,100.0
10.0,14.0,0.149162,100.0
10.0,14.0,0.20547,100.0
10.0,13.0,0.236208,100.0
10.0,13.0,0.166096,100.0
10.0,13.0,0.162325,100.0
10.0,14.0,0.132084,100.0
10.0,14.0,0.145857,100.0
10.0,14.0,0.158664,100.0
10.0,14.0,0.155726,100.0
10.0,13.0,0.177999,100.0
12.0,13.0,0.185516,100.0
12.0,14.0,0.226589,100.0
12.0,13.0,0.18499,100.0
12.0,14.0,0.187324,100.0
12.0,15.0,0.216896,100.0
12.0,14.0,0.189519,100.0
12.0,14.0,0.217246,100.0
12.0,14.0,0.162044,100.0
12.0,13.0,0.202043,100.0
12.0,13.0,0.186125,100.0
15.0,15.0,0.259189,100.0
15.0,14.0,0.28307,100.0
15.0,14.0,0.227287,100.0
15.0,14.0,0.226492,100.0
15.0,14.0,0.233935,100.0
15.0,15.0,0.246369,100.0
15.0,15.0,0.287404,100.0
15.0,14.0,0.257235,100.0
15.0,14.0,0.22872,100.0
15.0,14.0,0.273322,100.0
17.0,14.0,0.281162,100.0
17.0,14.0,0.285402,100.0
17.0,14.0,0.30982,100.0
17.0,14.0,0.327224,100.0
17.0,13.0,0.288838,100.0
17.0,14.0,0.303809,100.0
17.0,14.0,0.263302,100.0
17.0,15.0,0.309686,100.0
17.0,14.0,0.270429,100.0
17.0,15.0,0.250624,100.0
21.0,14.0,0.318704,100.0
21.0,15.0,0.308588,100.0
21.0,15.0,0.323526,100.0
21.0,15.0,0.362511,100.0
21.0,14.0,0.323942,100.0
21.0,14.0,0.386446,100.0
21.0,14.0,0.366711,100.0
21.0,15.0,0.371566,100.0
21.0,15.0,0.338806,100.0
21.0,15.0,0.357155,100.0
24.0,15.0,0.432306,100.0
24.0,15.0,0.389395,100.0
24.0,16.0,0.473531,100.0
24.0,15.0,0.405865,100.0
24.0,16.0,0.382449,100.0
24.0,15.0,0.416065,100.0
24.0,15.0,0.404807,100.0
24.0,15.0,0.449706,100.0
24.0,14.0,0.384154,100.0
24.0,14.0,0.377469,100.0
29.0,15.0,0.5498,100.0
29.0,16.0,0.501469,100.0
29.0,16.0,0.538681,100.0
29.0,15.0,0.474309,100.0
29.0,15.0,0.500307,100.0
29.0,15.0,0.574938,100.0
29.0,14.0,0.487403,100.0
29.0,15.0,0.522868,100.0
29.0,16.0,0.547556,100.0
29.0,15.0,0.480002,100.0
34.0,15.0,0.554487,100.0
34.0,15.0,0.598505,100.0
34.0,16.0,0.567802,100.0
34.0,15.0,0.575226,100.0
34.0,17.0,0.561319,100.0
34.0,15.0,0.683828,100.0
34.0,15.0,0.571637,100.0
34.0,15.0,0.628677,100.0
34.0,15.0,0.615036,100.0
34.0,16.0,0.62026,100.0
41.0,16.0,0.734515,100.0
41.0,16.0,0.665912,100.0
41.0,16.0,0.748444,100.0
41.0,16.0,0.683134,100.0
41.0,16.0,0.692091,100.0
41.0,15.0,0.651106,100.0
41.0,15.0,0.693109,100.0
41.0,16.0,0.678508,100.0
41.0,16.0,0.631751,100.0
41.0,16.0,0.858196,100.0
49.0,17.0,0.748509,100.0
49.0,16.0,0.858413,100.0
49.0,16.0,0.805336,100.0
49.0,15.0,0.782547,100.0
49.0,16.0,0.626178,100.0
49.0,15.0,0.83987,100.0
49.0,16.0,0.753835,100.0
49.0,15.0,0.851044,100.0
49.0,17.0,0.779859,100.0
49.0,16.0,0.784157,100.0
58.0,16.0,0.765225,100.0
58.0,16.0,0.940053,100.0
58.0,16.0,1.040316,100.0
58.0,17.0,0.856794,100.0
58.0,16.0,0.932732,100.0
58.0,16.0,0.944678,100.0
58.0,16.0,1.048012,100.0
58.0,15.0,1.023964,100.0
58.0,17.0,0.936633,100.0
58.0,17.0,0.962364,100.0
68.0,17.0,1.127697,100.0
68.0,16.0,1.123482,100.0
68.0,17.0,1.011036,100.0
68.0,16.0,1.127537,100.0
68.0,16.0,1.13085,100.0
68.0,17.0,1.081089,100.0
68.0,16.0,1.128421,100.0
68.0,17.0,1.158386,100.0
68.0,17.0,1.1451,100.0
68.0,17.0,1.139265,100.0
81.0,17.0,1.487944,100.0
81.0,16.0,1.516041,100.0
81.0,16.0,1.591096,100.0
81.0,16.0,1.428974,100.0
81.0,16.0,1.531172,100.0
81.0,16.0,1.475865,100.0
81.0,16.0,1.494566,100.0
81.0,16.0,1.336082,100.0
81.0,17.0,1.473832,100.0
81.0,16.0,1.396217,100.0
96.0,16.0,1.570885,100.0
96.0,17.0,1.741115,100.0
96.0,16.0,1.605888,100.0
96.0,18.0,1.894851,100.0
96.0,18.0,1.721516,100.0
96.0,16.0,1.725467,100.0
96.0,17.0,1.731998,100.0
96.0,18.0,1.632813,100.0
96.0,16.0,1.743474,100.0
96.0,17.0,2.032532,100.0
114.0,16.0,2.042336,100.0
114.0,16.0,1.943326,100.0
114.0,17.0,2.130567,100.0
114.0,16.0,2.257896,100.0
114.0,17.0,2.070659,100.0
114.0,17.0,2.324415,100.0
114.0,18.0,2.17538,100.0
114.0,17.0,2.051848,100.0
114.0,16.0,1.99569,100.0
114.0,16.0,2.278719,100.0
135.0,16.0,2.205784,100.0
135.0,17.0,2.377038,100.0
135.0,16.0,2.137325,100.0
135.0,17.0,2.391893,100.0
135.0,16.0,2.396568,100.0
135.0,16.0,2.331633,100.0
135.0,17.0,2.32661,100.0
135.0,17.0,2.627425,100.0
135.0,16.0,2.416317,100.0
135.0,16.0,2.650284,100.0
160.0,17.0,2.857679,100.0
160.0,17.0,2.814476,100.0
160.0,17.0,2.907492,100.0
160.0,17.0,2.83545,100.0
160.0,16.0,2.732571,100.0
160.0,18.0,2.821478,100.0
160.0,16.0,2.800807,100.0
160.0,17.0,2.867974,100.0
160.0,17.0,2.782825,100.0
160.0,17.0,2.815724,100.0
190.0,17.0,3.423027,100.0
190.0,15.0,3.309528,100.0
190.0,16.0,3.375668,100.0
190.0,15.0,3.241185,100.0
190.0,17.0,3.236149,100.0
190.0,17.0,3.517161,100.0
190.0,17.0,3.182085,100.0
190.0,17.0,3.223168,100.0
190.0,16.0,3.47199,100.0
190.0,17.0,3.220166,100.0
225.0,17.0,3.849536,100.0
225.0,17.0,4.034547,100.0
225.0,16.0,3.779114,100.0
225.0,17.0,3.933363,100.0
225.0,16.0,4.072884,100.0
225.0,16.0,4.093007,100.0
225.0,17.0,3.863232,100.0
225.0,16.0,3.973425,100.0
225.0,17.0,4.057739,100.0
225.0,16.0,3.90223,100.0
266.0,16.0,4.521933,100.0
266.0,17.0,4.52812,100.0
266.0,17.0,4.727881,100.0
266.0,17.0,4.618051,100.0
266.0,16.0,4.225364,100.0
266.0,17.0,4.938212,100.0
266.0,15.0,4.319297,100.0
266.0,17.0,4.522935,100.0
266.0,17.0,4.704264,100.0
266.0,16.0,4.533558,100.0
315.0,17.0,5.721788,100.0
315.0,17.0,5.65176,100.0
315.0,16.0,5.246629,100.0
315.0,18.0,5.585012,100.0
315.0,18.0,5.552586,100.0
315.0,17.0,5.495382,100.0
315.0,17.0,5.523672,100.0
315.0,18.0,5.594686,100.0
315.0,18.0,5.799854,100.0
315.0,16.0,5.422532,100.0
374.0,18.0,7.201153,100.0
374.0,16.0,6.966133,100.0
374.0,17.0,6.875362,100.0
374.0,17.0,7.091672,100.0
374.0,17.0,7.313193,100.0
374.0,17.0,6.532862,100.0
374.0,17.0,6.814054,100.0
374.0,17.0,7.358357,100.0
374.0,17.0,6.729626,100.0
374.0,18.0,6.934829,100.0
443.0,17.0,7.923299,100.0
443.0,18.0,8.36867,100.0
443.0,17.0,8.529836,100.0
443.0,16.0,7.872979,100.0
443.0,17.0,7.839349,100.0
443.0,17.0,7.553076,100.0
443.0,17.0,8.000286,100.0
443.0,16.0,7.981778,100.0
443.0,16.0,7.660726,100.0
443.0,17.0,7.728224,100.0
524.0,17.0,9.354609,100.0
524.0,17.0,9.17,100.0
524.0,16.0,9.157012,100.0
524.0,16.0,8.964852,100.0
524.0,17.0,9.301735,100.0
524.0,17.0,9.381741,100.0
524.0,17.0,9.664926,100.0
524.0,17.0,9.821696,100.0
524.0,17.0,9.297911,100.0
524.0,17.0,9.391421,100.0
621.0,17.0,10.281883,100.0
621.0,18.0,10.65485,100.0
621.0,17.0,10.615745,100.0
621.0,16.0,10.764743,100.0
621.0,18.0,10.465568,100.0
621.0,17.0,10.626854,100.0
621.0,17.0,10.841644,100.0
621.0,17.0,10.173656,100.0
621.0,16.0,10.107632,100.0
621.0,17.0,10.550572,100.0
736.0,17.0,12.821469,100.0
736.0,17.0,11.805065,100.0
736.0,18.0,12.67463,100.0
736.0,17.0,12.688992,100.0
736.0,17.0,12.471096,100.0
736.0,17.0,12.689815,100.0
736.0,17.0,13.071389,100.0
736.0,17.0,12.952945,100.0
736.0,17.0,12.193845,100.0
736.0,16.0,12.140561,100.0
871.0,18.0,15.50453,100.0
871.0,18.0,15.14149,100.0
871.0,17.0,14.111417,100.0
871.0,18.0,14.904576,100.0
871.0,17.0,14.817561,100.0
871.0,17.0,15.164233,100.0
871.0,17.0,14.426977,100.0
871.0,17.0,15.4518,100.0
871.0,17.0,14.945612,100.0
871.0,16.0,14.696603,100.0
1032.0,18.0,17.989971,100.0
1032.0,17.0,17.468817,100.0
1032.0,17.0,18.196373,100.0
1032.0,17.0,17.903149,100.0
1032.0,18.0,18.885236,100.0
1032.0,17.0,17.404064,100.0
1032.0,17.0,17.465356,100.0
1032.0,17.0,17.97593,100.0
1032.0,17.0,19.005108,100.0
1032.0,17.0,17.782999,100.0
1223.0,18.0,21.711986,100.0
1223.0,19.0,22.061605,100.0
1223.0,18.0,22.066794,100.0
1223.0,18.0,20.433959,100.0
1223.0,17.0,21.244224,100.0
1223.0,18.0,19.626368,100.0
1223.0,17.0,19.588943,100.0
1223.0,17.0,19.972961,100.0
1223.0,17.0,19.630309,100.0
1223.0,17.0,20.443231,100.0
1448.0,17.0,23.153142,100.0
1448.0,17.0,23.715322,100.0
1448.0,17.0,23.389244,100.0
1448.0,17.0,23.251042,100.0
1448.0,17.0,22.823196,100.0
1448.0,17.0,23.78406,100.0
1448.0,17.0,23.813284,100.0
1448.0,17.0,24.060924,100.0
1448.0,17.0,24.17113,100.0
1448.0,17.0,22.825773,100.0
1715.0,17.0,29.001425,100.0
1715.0,16.0,28.382759,100.0
1715.0,16.0,28.005757,100.0
1715.0,16.0,28.292365,100.0
1715.0,17.0,28.742769,100.0
1715.0,16.0,28.332286,100.0
1715.0,16.0,27.686566,100.0
1715.0,16.0,28.145929,100.0
1715.0,17.0,28.633916,100.0
1715.0,17.0,28.335373,100.0
2032.0,18.0,35.651557,100.0
2032.0,17.0,35.00567,100.0
2032.0,17.0,34.729243,100.0
2032.0,17.0,35.993816,100.0
2032.0,17.0,34.415582,100.0
2032.0,18.0,35.680979,100.0
2032.0,19.0,36.390088,100.0
2032.0,18.0,35.609689,100.0
2032.0,18.0,34.160458,100.0
2032.0,18.0,35.30412,100.0
2407.0,18.0,43.119682,100.0
2407.0,19.0,43.321595,100.0
2407.0,18.0,42.402201,100.0
2407.0,18.0,41.758218,100.0
2407.0,18.0,42.638622,100.0
2407.0,18.0,42.002775,100.0
2407.0,19.0,42.754877,100.0
2407.0,18.0,42.153189,100.0
2407.0,19.0,41.877285,100.0
2407.0,19.0,42.851285,100.0
2851.0,17.0,46.389444,100.0
2851.0,17.0,46.411925,100.0
2851.0,17.0,47.000338,100.0
2851.0,17.0,46.713666,100.0
2851.0,17.0,47.815379,100.0
2851.0,17.0,48.740649,100.0
2851.0,17.0,48.182225,100.0
2851.0,17.0,48.157546,100.0
2851.0,17.0,48.841936,100.0
2851.0,17.0,46.435293,100.0
3377.0,17.0,59.171061,100.0
3377.0,17.0,58.756871,100.0
3377.0,17.0,57.598502,100.0
3377.0,17.0,56.82607,100.0
3377.0,17.0,56.650088,100.0
3377.0,18.0,57.370218,100.0
3377.0,18.0,56.670629,100.0
3377.0,18.0,56.528597,100.0
3377.0,18.0,56.831773,100.0
3377.0,18.0,55.864421,100.0
4000.0,18.0,68.106132,100.0
4000.0,18.0,68.340879,100.0
4000.0,18.0,67.530975,100.0
4000.0,18.0,67.473495,100.0
4000.0,18.0,68.241542,100.0
4000.0,18.0,67.867173,100.0
4000.0,18.0,67.199859,100.0
4000.0,18.0,68.299752,100.0
4000.0,18.0,68.492309,100.0
4000.0,18.0,67.639297,100.0
1.0,11.0,0.018674,150.0
1.0,11.0,0.015635,150.0
1.0,11.0,0.020016,150.0
1.0,11.0,0.019228,150.0
1.0,12.0,0.018573,150.0
1.0,12.0,0.021326,150.0
1.0,13.0,0.025557,150.0
1.0,11.0,0.023373,150.0
1.0,11.0,0.018364,150.0
1.0,12.0,0.018399,150.0
2.0,12.0,0.039329,150.0
2.0,11.0,0.039223,150.0
2.0,12.0,0.040145,150.0
2.0,12.0,0.050481,150.0
2.0,12.0,0.050318,150.0
2.0,12.0,0.040927,150.0
2.0,12.0,0.037468,150.0
2.0,12.0,0.040433,150.0
2.0,12.0,0.038033,150.0
2.0,12.0,0.036917,150.0
3.0,12.0,0.069915,150.0
3.0,11.0,0.052119,150.0
3.0,12.0,0.058504,150.0
3.0,12.0,0.058823,150.0
3.0,12.0,0.061681,150.0
3.0,12.0,0.065262,150.0
3.0,13.0,0.0776,150.0
3.0,13.0,0.057505,150.0
3.0,12.0,0.064131,150.0
3.0,13.0,0.073628,150.0
4.0,13.0,0.094942,150.0
4.0,13.0,0.07695,150.0
4.0,14.0,0.079659,150.0
4.0,12.0,0.084191,150.0
4.0,14.0,0.077092,150.0
4.0,12.0,0.086065,150.0
4.0,13.0,0.106879,150.0
4.0,12.0,0.095603,150.0
4.0,12.0,0.09755,150.0
4.0,13.0,0.103566,150.0
5.0,13.0,0.111332,150.0
5.0,13.0,0.114851,150.0
5.0,12.0,0.125375,150.0
5.0,12.0,0.114166,150.0
5.0,13.0,0.116998,150.0
5.0,14.0,0.109051,150.0
5.0,13.0,0.10458,150.0
5.0,13.0,0.10226,150.0
5.0,13.0,0.103537,150.0
5.0,12.0,0.110848,150.0
6.0,12.0,0.138772,150.0
6.0,12.0,0.138158,150.0
6.0,12.0,0.13633,150.0
6.0,13.0,0.148021,150.0
6.0,13.0,0.128209,150.0
6.0,13.0,0.125161,150.0
6.0,13.0,0.127409,150.0
6.0,13.0,0.120312,150.0
6.0,12.0,0.122266,150.0
6.0,13.0,0.142546,150.0
7.0,13.0,0.15111,150.0
7.0,13.0,0.156856,150.0
7.0,13.0,0.158143,150.0
7.0,13.0,0.143347,150.0
7.0,13.0,0.140425,150.0
7.0,14.0,0.156051,150.0
7.0,13.0,0.148363,150.0
7.0,13.0,0.143333,150.0
7.0,14.0,0.146487,150.0
7.0,13.0,0.175106,150.0
9.0,14.0,0.185283,150.0
9.0,13.0,0.235263,150.0
9.0,14.0,0.195539,150.0
9.0,13.0,0.239157,150.0
9.0,14.0,0.215393,150.0
9.0,13.0,0.209205,150.0
9.0,13.0,0.187376,150.0
9.0,14.0,0.212681,150.0
9.0,14.0,0.212291,150.0
9.0,14.0,0.208164,150.0
10.0,14.0,0.225066,150.0
10.0,14.0,0.240695,150.0
10.0,14.0,0.213247,150.0
10.0,15.0,0.229317,150.0
10.0,13.0,0.209343,150.0
10.0,14.0,0.23669,150.0
10.0,14.0,0.21266,150.0
10.0,14.0,0.220707,150.0
10.0,13.0,0.221706,150.0
10.0,14.0,0.223387,150.0
12.0,13.0,0.259213,150.0
12.0,14.0,0.262861,150.0
12.0,13.0,0.275117,150.0
12.0,14.0,0.259474,150.0
12.0,14.0,0.27433,150.0
12.0,14.0,0.288916,150.0
12.0,13.0,0.279497,150.0
12.0,14.0,0.260734,150.0
12.0,14.0,0.283504,150.0
12.0,14.0,0.261381,150.0
15.0,13.0,0.413876,150.0
15.0,14.0,0.325553,150.0
15.0,14.0,0.332636,150.0
15.0,15.0,0.370863,150.0
15.0,13.0,0.323728,150.0
15.0,15.0,0.363169,150.0
15.0,14.0,0.348608,150.0
15.0,14.0,0.338603,150.0
15.0,14.0,0.31072,150.0
15.0,14.0,0.333826,150.0
17.0,15.0,0.380824,150.0
17.0,14.0,0.387625,150.0
17.0,15.0,0.399586,150.0
17.0,15.0,0.401384,150.0
17.0,15.0,0.397574,150.0
17.0,15.0,0.409461,150.0
17.0,14.0,0.358674,150.0
17.0,14.0,0.363529,150.0
17.0,14.0,0.371149,150.0
17.0,15.0,0.422625,150.0
21.0,14.0,0.457352,150.0
21.0,15.0,0.456307,150.0
21.0,15.0,0.463551,150.0
21.0,14.0,0.434121,150.0
21.0,14.0,0.475661,150.0
21.0,15.0,0.478008,150.0
21.0,15.0,0.493651,150.0
21.0,15.0,0.493106,150.0
21.0,15.0,0.480081,150.0
21.0,14.0,0.500042,150.0
24.0,15.0,0.486386,150.0
24.0,15.0,0.523018,150.0
24.0,15.0,0.56698,150.0
24.0,14.0,0.538343,150.0
24.0,16.0,0.575598,150.0
24.0,16.0,0.523763,150.0
24.0,15.0,0.519906,150.0
24.0,15.0,0.553069,150.0
24.0,15.0,0.548381,150.0
24.0,15.0,0.59799,150.0
29.0,15.0,0.691919,150.0
29.0,15.0,0.779367,150.0
29.0,16.0,0.756444,150.0
29.0,16.0,0.692985,150.0
29.0,16.0,0.724106,150.0
29.0,15.0,0.72362,150.0
29.0,16.0,0.657643,150.0
29.0,15.0,0.746308,150.0
29.0,16.0,0.777211,150.0
29.0,15.0,0.67444,150.0
34.0,16.0,0.784442,150.0
34.0,16.0,0.726439,150.0
34.0,15.0,0.85838,150.0
34.0,16.0,0.85526,150.0
34.0,16.0,0.766039,150.0
34.0,16.0,0.780568,150.0
34.0,15.0,0.781266,150.0
34.0,16.0,0.772192,150.0
34.0,15.0,0.830111,150.0
34.0,16.0,0.936428,150.0
41.0,16.0,0.91928,150.0
41.0,16.0,0.922177,150.0
41.0,16.0,0.922947,150.0
41.0,16.0,1.008135,150.0
41.0,15.0,0.925141,150.0
41.0,16.0,0.971743,150.0
41.0,16.0,1.120897,150.0
41.0,16.0,1.067519,150.0
41.0,17.0,0.866483,150.0
41.0,16.0,1.008107,150.0
49.0,16.0,1.146633,150.0
49.0,17.0,1.118571,150.0
49.0,16.0,1.213793,150.0
49.0,16.0,1.138524,150.0
49.0,16.0,1.23193,150.0
49.0,17.0,1.22117,150.0
49.0,16.0,1.162388,150.0
49.0,16.0,1.176494,150.0
49.0,16.0,1.163504,150.0
49.0,16.0,1.173677,150.0
58.0,16.0,1.402496,150.0
58.0,17.0,1.402009,150.0
58.0,16.0,1.297217,150.0
58.0,17.0,1.398469,150.0
58.0,17.0,1.318643,150.0
58.0,17.0,1.433169,150.0
58.0,16.0,1.549397,150.0
58.0,16.0,1.454356,150.0
58.0,16.0,1.555859,150.0
58.0,17.0,1.533167,150.0
68.0,16.0,1.78111,150.0
68.0,17.0,1.84793,150.0
68.0,16.0,1.934626,150.0
68.0,16.0,1.80104,150.0
68.0,16.0,1.549542,150.0
68.0,17.0,1.740098,150.0
68.0,17.0,1.640009,150.0
68.0,17.0,1.588329,150.0
68.0,17.0,1.733728,150.0
68.0,16.0,1.651237,150.0
81.0,16.0,2.192207,150.0
81.0,16.0,2.144319,150.0
81.0,17.0,2.099703,150.0
81.0,17.0,2.125726,150.0
81.0,17.0,1.978354,150.0
81.0,17.0,2.261164,150.0
81.0,16.0,2.107056,150.0
81.0,17.0,2.062197,150.0
81.0,16.0,2.028707,150.0
81.0,17.0,2.030941,150.0
96.0,16.0,2.208748,150.0
96.0,17.0,2.401494,150.0
96.0,16.0,2.508662,150.0
96.0,16.0,2.493866,150.0
96.0,17.0,2.368803,150.0
96.0,17.0,2.391538,150.0
96.0,17.0,2.421133,150.0
96.0,17.0,2.471732,150.0
96.0,17.0,2.4727,150.0
96.0,17.0,2.548439,150.0
114.0,18.0,2.891903,150.0
114.0,16.0,2.715081,150.0
114.0,17.0,2.7989,150.0
114.0,16.0,2.862507,150.0
114.0,17.0,3.015808,150.0
114.0,17.0,2.99942,150.0
114.0,17.0,2.891315,150.0
114.0,17.0,2.858685,150.0
114.0,17.0,2.845179,150.0
114.0,17.0,2.840527,150.0
135.0,17.0,3.256658,150.0
135.0,16.0,3.283266,150.0
135.0,16.0,3.37622,150.0
135.0,16.0,2.973019,150.0
135.0,16.0,3.499563,150.0
135.0,17.0,3.495561,150.0
135.0,18.0,3.566573,150.0
135.0,16.0,3.325145,150.0
135.0,17.0,3.534719,150.0
135.0,17.0,3.346151,150.0
160.0,18.0,4.168412,150.0
160.0,16.0,4.041849,150.0
160.0,17.0,4.155037,150.0
160.0,17.0,4.04747,150.0
160.0,16.0,3.929862,150.0
160.0,16.0,4.219309,150.0
160.0,18.0,4.090265,150.0
160.0,17.0,3.817771,150.0
160.0,17.0,4.302631,150.0
160.0,18.0,4.143743,150.0
190.0,17.0,4.755174,150.0
190.0,18.0,4.862329,150.0
190.0,17.0,4.791879,150.0
190.0,16.0,4.447184,150.0
190.0,17.0,4.802036,150.0
190.0,18.0,4.892795,150.0
190.0,17.0,4.644674,150.0
190.0,17.0,5.036001,150.0
190.0,17.0,4.731049,150.0
190.0,16.0,4.699675,150.0
225.0,18.0,6.056776,150.0
225.0,17.0,5.762721,150.0
225.0,17.0,5.58735,150.0
225.0,17.0,5.58961,150.0
225.0,16.0,5.599175,150.0
225.0,18.0,6.004348,150.0
225.0,16.0,5.620956,150.0
225.0,17.0,5.907028,150.0
225.0,16.0,5.966276,150.0
225.0,17.0,6.127336,150.0
266.0,17.0,6.577041,150.0
266.0,16.0,6.907611,150.0
266.0,15.0,6.698489,150.0
266.0,17.0,6.6489,150.0
266.0,17.0,6.353464,150.0
266.0,17.0,6.999614,150.0
266.0,17.0,7.157759,150.0
266.0,18.0,6.980559,150.0
266.0,17.0,6.170164,150.0
266.0,16.0,6.815355,150.0
315.0,17.0,7.97175,150.0
315.0,17.0,7.668606,150.0
315.0,17.0,8.128556,150.0
315.0,18.0,7.809732,150.0
315.0,17.0,7.929187,150.0
315.0,16.0,7.843637,150.0
315.0,17.0,7.751073,150.0
315.0,17.0,7.813578,150.0
315.0,17.0,8.05612,150.0
315.0,17.0,7.640033,150.0
374.0,18.0,9.380527,150.0
374.0,17.0,9.665887,150.0
374.0,16.0,9.373642,150.0
374.0,17.0,9.734858,150.0
374.0,17.0,8.468675,150.0
374.0,17.0,9.485321,150.0
374.0,17.0,9.412676,150.0
374.0,18.0,10.028595,150.0
374.0,17.0,9.886839,150.0
374.0,18.0,9.428372,150.0
443.0,17.0,10.638007,150.0
443.0,17.0,11.777747,150.0
443.0,18.0,11.791987,150.0
443.0,17.0,11.356495,150.0
443.0,18.0,11.793716,150.0
443.0,17.0,12.295947,150.0
443.0,17.0,13.510992,150.0
443.0,17.0,12.190834,150.0
443.0,17.0,13.153372,150.0
443.0,18.0,13.149429,150.0
524.0,17.0,15.030719,150.0
524.0,17.0,15.093048,150.0
524.0,17.0,14.908621,150.0
524.0,18.0,15.592355,150.0
524.0,18.0,14.572727,150.0
524.0,17.0,14.965146,150.0
524.0,17.0,15.221411,150.0
524.0,17.0,15.058987,150.0
524.0,18.0,15.71338,150.0
524.0,18.0,14.437773,150.0
621.0,18.0,16.552854,150.0
621.0,18.0,16.282402,150.0
621.0,18.0,16.835498,150.0
621.0,17.0,15.827189,150.0
621.0,18.0,16.622372,150.0
621.0,17.0,16.500565,150.0
621.0,17.0,15.708826,150.0
621.0,17.0,16.521136,150.0
621.0,17.0,16.743131,150.0
621.0,18.0,16.804455,150.0
736.0,17.0,19.590469,150.0
736.0,18.0,19.967052,150.0
736.0,18.0,18.41085,150.0
736.0,18.0,19.512871,150.0
736.0,18.0,20.018154,150.0
736.0,18.0,20.264056,150.0
736.0,17.0,19.375091,150.0
736.0,18.0,20.685472,150.0
736.0,17.0,19.59084,150.0
736.0,17.0,18.810085,150.0
871.0,19.0,23.961717,150.0
871.0,19.0,24.007127,150.0
871.0,18.0,22.894048,150.0
871.0,16.0,22.473437,150.0
871.0,19.0,25.032459,150.0
871.0,18.0,23.673585,150.0
871.0,16.0,21.841125,150.0
871.0,18.0,24.195219,150.0
871.0,18.0,24.927003,150.0
871.0,18.0,23.667359,150.0
1032.0,17.0,27.732713,150.0
1032.0,18.0,28.399382,150.0
1032.0,18.0,29.035621,150.0
1032.0,17.0,29.124379,150.0
1032.0,17.0,30.360528,150.0
1032.0,17.0,28.436116,150.0
1032.0,17.0,29.309135,150.0
1032.0,17.0,28.967755,150.0
1032.0,16.0,28.147122,150.0
1032.0,18.0,28.950421,150.0
1223.0,16.0,33.999787,150.0
1223.0,17.0,33.379365,150.0
1223.0,18.0,34.880166,150.0
1223.0,18.0,35.690187,150.0
1223.0,17.0,33.524886,150.0
1223.0,17.0,33.105849,150.0
1223.0,18.0,33.154844,150.0
1223.0,17.0,32.268146,150.0
1223.0,18.0,34.584626,150.0
1223.0,17.0,32.331245,150.0
1448.0,17.0,38.439365,150.0
1448.0,17.0,39.182038,150.0
1448.0,17.0,40.617982,150.0
1448.0,17.0,38.260102,150.0
1448.0,18.0,40.928311,150.0
1448.0,18.0,40.425589,150.0
1448.0,17.0,39.738263,150.0
1448.0,18.0,40.90886,150.0
1448.0,17.0,39.760285,150.0
1448.0,17.0,38.488548,150.0
1715.0,17.0,46.421966,150.0
1715.0,17.0,47.473346,150.0
1715.0,17.0,46.890907,150.0
1715.0,17.0,46.537424,150.0
1715.0,17.0,45.443565,150.0
1715.0,17.0,45.341939,150.0
1715.0,17.0,46.409243,150.0
1715.0,17.0,46.70578,150.0
1715.0,17.0,46.138833,150.0
1715.0,17.0,45.83657,150.0
2032.0,18.0,55.954217,150.0
2032.0,18.0,55.446071,150.0
2032.0,18.0,55.396261,150.0
2032.0,18.0,56.334963,150.0
2032.0,18.0,56.114098,150.0
2032.0,17.0,55.080036,150.0
2032.0,17.0,55.001421,150.0
2032.0,17.0,55.509778,150.0
2032.0,17.0,54.402433,150.0
2032.0,17.0,55.037995,150.0
2407.0,17.0,66.168177,150.0
2407.0,17.0,63.998283,150.0
2407.0,17.0,65.3797,150.0
2407.0,17.0,63.422348,150.0
2407.0,18.0,65.31504,150.0
2407.0,17.0,63.935488,150.0
2407.0,18.0,66.508106,150.0
2407.0,18.0,65.412548,150.0
2407.0,18.0,65.097442,150.0
2407.0,18.0,64.942464,150.0
2851.0,17.0,78.469653,150.0
2851.0,17.0,78.801766,150.0
2851.0,17.0,77.633457,150.0
2851.0,17.0,79.091209,150.0
2851.0,17.0,79.02854,150.0
2851.0,17.0,78.27369,150.0
2851.0,17.0,79.169649,150.0
2851.0,17.0,77.501103,150.0
2851.0,17.0,79.148145,150.0
2851.0,17.0,80.102566,150.0
3377.0,17.0,93.469149,150.0
3377.0,17.0,92.720595,150.0
3377.0,17.0,93.246856,150.0
3377.0,17.0,92.121508,150.0
3377.0,17.0,92.801286,150.0
3377.0,18.0,92.283486,150.0
3377.0,18.0,94.623636,150.0
3377.0,18.0,92.156154,150.0
3377.0,18.0,91.025128,150.0
3377.0,18.0,94.23127,150.0
4000.0,18.0,111.721981,150.0
4000.0,18.0,110.386024,150.0
4000.0,18.0,108.089853,150.0
4000.0,18.0,111.03416,150.0
4000.0,18.0,112.95996,150.0
4000.0,18.0,112.704773,150.0
4000.0,18.0,112.172131,150.0
4000.0,18.0,110.676578,150.0
4000.0,18.0,110.1635,150.0
4000.0,18.0,112.870689,150.0
1.0,11.0,0.017606,200.0
1.0,12.0,0.018219,200.0
1.0,12.0,0.01769,200.0
1.0,11.0,0.024843,200.0
1.0,11.0,0.01896,200.0
1.0,11.0,0.024103,200.0
1.0,11.0,0.029723,200.0
1.0,11.0,0.02601,200.0
1.0,11.0,0.025223,200.0
1.0,12.0,0.025749,200.0
2.0,12.0,0.053042,200.0
2.0,12.0,0.05391,200.0
2.0,12.0,0.048263,200.0
2.0,13.0,0.050542,200.0
2.0,12.0,0.0491,200.0
2.0,13.0,0.054015,200.0
2.0,14.0,0.055777,200.0
2.0,11.0,0.043859,200.0
2.0,12.0,0.054301,200.0
2.0,11.0,0.04924,200.0
3.0,13.0,0.076391,200.0
3.0,12.0,0.078936,200.0
3.0,13.0,0.084668,200.0
3.0,12.0,0.073137,200.0
3.0,13.0,0.054288,200.0
3.0,12.0,0.08244,200.0
3.0,12.0,0.081789,200.0
3.0,12.0,0.076042,200.0
3.0,12.0,0.078756,200.0
3.0,12.0,0.079857,200.0
4.0,12.0,0.117675,200.0
4.0,13.0,0.11119,200.0
4.0,13.0,0.119947,200.0
4.0,13.0,0.122585,200.0
4.0,13.0,0.104083,200.0
4.0,13.0,0.10348,200.0
4.0,13.0,0.088729,200.0
4.0,13.0,0.10821,200.0
4.0,14.0,0.111311,200.0
4.0,13.0,0.103412,200.0
5.0,13.0,0.127526,200.0
5.0,14.0,0.135217,200.0
5.0,13.0,0.13081,200.0
5.0,13.0,0.129629,200.0
5.0,14.0,0.153733,200.0
5.0,13.0,0.128256,200.0
5.0,14.0,0.128611,200.0
5.0,13.0,0.14186,200.0
5.0,13.0,0.139507,200.0
5.0,12.0,0.131267,200.0
6.0,13.0,0.161236,200.0
6.0,13.0,0.133853,200.0
6.0,14.0,0.157975,200.0
6.0,13.0,0.163832,200.0
6.0,13.0,0.165922,200.0
6.0,14.0,0.163313,200.0
6.0,13.0,0.158487,200.0
6.0,13.0,0.14156,200.0
6.0,13.0,0.156027,200.0
6.0,14.0,0.148304,200.0
7.0,13.0,0.193146,200.0
7.0,14.0,0.185094,200.0
7.0,13.0,0.197249,200.0
7.0,13.0,0.189417,200.0
7.0,13.0,0.212338,200.0
7.0,13.0,0.219991,200.0
7.0,13.0,0.173555,200.0
7.0,13.0,0.190249,200.0
7.0,13.0,0.208727,200.0
7.0,13.0,0.193073,200.0
9.0,14.0,0.255176,200.0
9.0,14.0,0.256606,200.0
9.0,14.0,0.307211,200.0
9.0,15.0,0.247303,200.0
9.0,14.0,0.251671,200.0
9.0,15.0,0.262954,200.0
9.0,14.0,0.249369,200.0
9.0,14.0,0.274826,200.0
9.0,14.0,0.186868,200.0
9.0,14.0,0.262395,200.0
10.0,14.0,0.284535,200.0
10.0,13.0,0.294995,200.0
10.0,14.0,0.275531,200.0
10.0,14.0,0.289349,200.0
10.0,14.0,0.2813,200.0
10.0,15.0,0.279085,200.0
10.0,14.0,0.304323,200.0
10.0,14.0,0.280117,200.0
10.0,13.0,0.262818,200.0
10.0,13.0,0.268644,200.0
12.0,15.0,0.317588,200.0
12.0,15.0,0.245681,200.0
12.0,14.0,0.353496,200.0
12.0,14.0,0.338266,200.0
12.0,15.0,0.384679,200.0
12.0,15.0,0.357051,200.0
12.0,14.0,0.342776,200.0
12.0,14.0,0.288141,200.0
12.0,15.0,0.345843,200.0
12.0,14.0,0.338668,200.0
15.0,14.0,0.482512,200.0
15.0,14.0,0.423027,200.0
15.0,14.0,0.42182,200.0
15.0,15.0,0.444049,200.0
15.0,15.0,0.470187,200.0
15.0,14.0,0.427531,200.0
15.0,14.0,0.40593,200.0
15.0,15.0,0.39141,200.0
15.0,15.0,0.341294,200.0
15.0,14.0,0.459075,200.0
17.0,16.0,0.499042,200.0
17.0,14.0,0.511532,200.0
17.0,15.0,0.511959,200.0
17.0,15.0,0.520164,200.0
17.0,14.0,0.484581,200.0
17.0,15.0,0.52836,200.0
17.0,15.0,0.484441,200.0
17.0,14.0,0.493129,200.0
17.0,14.0,0.491415,200.0
17.0,14.0,0.525879,200.0
21.0,16.0,0.627658,200.0
21.0,14.0,0.452543,200.0
21.0,15.0,0.628468,200.0
21.0,15.0,0.601159,200.0
21.0,15.0,0.656285,200.0
21.0,16.0,0.609316,200.0
21.0,15.0,0.641178,200.0
21.0,14.0,0.661408,200.0
21.0,15.0,0.502697,200.0
21.0,15.0,0.611227,200.0
24.0,15.0,0.737531,200.0
24.0,15.0,0.734116,200.0
24.0,15.0,0.748167,200.0
24.0,15.0,0.728463,200.0
24.0,15.0,0.667554,200.0
24.0,16.0,0.734826,200.0
24.0,16.0,0.697115,200.0
24.0,15.0,0.714309,200.0
24.0,16.0,0.684873,200.0
24.0,14.0,0.714167,200.0
29.0,16.0,0.928555,200.0
29.0,16.0,0.664444,200.0
29.0,16.0,0.889319,200.0
29.0,15.0,0.862355,200.0
29.0,15.0,0.850412,200.0
29.0,16.0,0.928822,200.0
29.0,16.0,0.951321,200.0
29.0,16.0,0.842556,200.0
29.0,16.0,0.866451,200.0
29.0,15.0,0.868177,200.0
34.0,17.0,1.056513,200.0
34.0,15.0,1.019772,200.0
34.0,16.0,0.855822,200.0
34.0,16.0,1.033005,200.0
34.0,16.0,1.028582,200.0
34.0,16.0,1.146244,200.0
34.0,16.0,1.113611,200.0
34.0,16.0,1.034364,200.0
34.0,16.0,1.142058,200.0
34.0,16.0,1.0176,200.0
41.0,15.0,0.906837,200.0
41.0,16.0,1.347831,200.0
41.0,15.0,1.228228,200.0
41.0,16.0,1.244346,200.0
41.0,15.0,1.233417,200.0
41.0,16.0,1.363735,200.0
41.0,16.0,1.265854,200.0
41.0,17.0,1.327733,200.0
41.0,16.0,1.145535,200.0
41.0,16.0,1.191865,200.0
49.0,16.0,1.50352,200.0
49.0,15.0,1.507537,200.0
49.0,15.0,1.610878,200.0
49.0,17.0,1.517612,200.0
49.0,16.0,1.47782,200.0
49.0,17.0,1.606093,200.0
49.0,16.0,1.547422,200.0
49.0,16.0,1.55159,200.0
49.0,16.0,1.263866,200.0
49.0,16.0,1.464735,200.0
58.0,17.0,2.003132,200.0
58.0,16.0,1.832837,200.0
58.0,16.0,1.855026,200.0
58.0,17.0,1.754881,200.0
58.0,16.0,1.682623,200.0
58.0,16.0,1.718978,200.0
58.0,16.0,1.993388,200.0
58.0,16.0,1.910285,200.0
58.0,17.0,1.885237,200.0
58.0,16.0,1.752672,200.0
68.0,17.0,2.162492,200.0
68.0,16.0,2.115132,200.0
68.0,16.0,2.127233,200.0
68.0,16.0,2.172085,200.0
68.0,17.0,2.089015,200.0
68.0,17.0,2.199159,200.0
68.0,17.0,2.185548,200.0
68.0,17.0,2.387079,200.0
68.0,17.0,1.736164,200.0
68.0,17.0,2.042167,200.0
81.0,17.0,2.606742,200.0
81.0,17.0,2.831654,200.0
81.0,16.0,2.616429,200.0
81.0,16.0,2.830157,200.0
81.0,16.0,2.21019,200.0
81.0,17.0,2.65254,200.0
81.0,18.0,2.791908,200.0
81.0,17.0,2.522607,200.0
81.0,17.0,2.881571,200.0
81.0,16.0,2.486428,200.0
96.0,17.0,3.198487,200.0
96.0,16.0,3.039706,200.0
96.0,17.0,3.291215,200.0
96.0,17.0,3.291048,200.0
96.0,17.0,3.143451,200.0
96.0,17.0,3.249372,200.0
96.0,17.0,3.169179,200.0
96.0,16.0,3.258571,200.0
96.0,17.0,2.782007,200.0
96.0,17.0,3.092139,200.0
114.0,18.0,3.65369,200.0
114.0,17.0,3.85327,200.0
114.0,17.0,3.900777,200.0
114.0,18.0,3.397528,200.0
114.0,18.0,3.866995,200.0
114.0,18.0,3.892359,200.0
114.0,17.0,3.97281,200.0
114.0,17.0,3.844008,200.0
114.0,17.0,3.983372,200.0
114.0,17.0,3.694238,200.0
135.0,17.0,4.117637,200.0
135.0,17.0,4.761511,200.0
135.0,19.0,4.302299,200.0
135.0,17.0,4.801824,200.0
135.0,17.0,4.418851,200.0
135.0,16.0,4.30368,200.0
135.0,18.0,4.852883,200.0
135.0,17.0,4.790131,200.0
135.0,16.0,4.874725,200.0
135.0,17.0,5.101943,200.0
160.0,18.0,5.642492,200.0
160.0,17.0,5.781023,200.0
160.0,17.0,5.70927,200.0
160.0,18.0,5.910532,200.0
160.0,17.0,5.575467,200.0
160.0,16.0,5.355661,200.0
160.0,17.0,5.72199,200.0
160.0,16.0,5.3476,200.0
160.0,18.0,5.369855,200.0
160.0,17.0,5.548234,200.0
190.0,17.0,6.052128,200.0
190.0,17.0,6.795544,200.0
190.0,18.0,6.587004,200.0
190.0,17.0,6.511983,200.0
190.0,17.0,6.438228,200.0
190.0,17.0,6.171131,200.0
190.0,17.0,6.389252,200.0
190.0,17.0,6.764833,200.0
190.0,17.0,6.709074,200.0
190.0,17.0,6.54454,200.0
225.0,18.0,7.821558,200.0
225.0,17.0,7.857648,200.0
225.0,17.0,7.576106,200.0
225.0,17.0,7.39451,200.0
225.0,17.0,7.567324,200.0
225.0,17.0,7.622305,200.0
225.0,18.0,7.875882,200.0
225.0,18.0,8.047903,200.0
225.0,17.0,7.145218,200.0
225.0,16.0,7.628295,200.0
266.0,17.0,8.098736,200.0
266.0,17.0,9.056197,200.0
266.0,17.0,9.014854,200.0
266.0,17.0,8.271195,200.0
266.0,19.0,9.281489,200.0
266.0,18.0,9.635757,200.0
266.0,17.0,9.004631,200.0
266.0,18.0,8.135326,200.0
266.0,17.0,9.274588,200.0
266.0,17.0,7.836815,200.0
315.0,18.0,11.271968,200.0
315.0,17.0,10.325167,200.0
315.0,18.0,11.20255,200.0
315.0,16.0,10.588728,200.0
315.0,17.0,10.650223,200.0
315.0,18.0,10.853134,200.0
315.0,17.0,10.583002,200.0
315.0,18.0,10.422647,200.0
315.0,17.0,10.691758,200.0
315.0,17.0,9.99781,200.0
374.0,18.0,14.282625,200.0
374.0,17.0,14.921679,200.0
374.0,18.0,14.066346,200.0
374.0,17.0,15.065191,200.0
374.0,17.0,14.283074,200.0
374.0,18.0,14.898713,200.0
374.0,18.0,14.096682,200.0
374.0,18.0,14.644142,200.0
374.0,18.0,15.049391,200.0
374.0,17.0,14.526887,200.0
443.0,18.0,17.56594,200.0
443.0,18.0,17.134607,200.0
443.0,17.0,17.119634,200.0
443.0,18.0,16.722093,200.0
443.0,17.0,16.475333,200.0
443.0,18.0,16.764906,200.0
443.0,18.0,17.172,200.0
443.0,16.0,15.923175,200.0
443.0,18.0,17.491183,200.0
443.0,18.0,16.623822,200.0
524.0,18.0,19.631386,200.0
524.0,17.0,19.36165,200.0
524.0,17.0,19.714884,200.0
524.0,17.0,20.121571,200.0
524.0,17.0,19.163532,200.0
524.0,16.0,19.12204,200.0
524.0,18.0,19.812661,200.0
524.0,17.0,18.874769,200.0
524.0,18.0,19.687135,200.0
524.0,18.0,19.073855,200.0
621.0,18.0,21.989648,200.0
621.0,18.0,22.060962,200.0
621.0,18.0,22.552336,200.0
621.0,18.0,20.850737,200.0
621.0,18.0,21.302645,200.0
621.0,18.0,22.149369,200.0
621.0,18.0,22.488662,200.0
621.0,17.0,21.917155,200.0
621.0,17.0,21.988457,200.0
621.0,18.0,22.062594,200.0
736.0,17.0,25.889172,200.0
736.0,18.0,25.228161,200.0
736.0,18.0,25.799895,200.0
736.0,18.0,26.774601,200.0
736.0,18.0,26.027118,200.0
736.0,17.0,24.928916,200.0
736.0,17.0,25.721586,200.0
736.0,16.0,25.6071,200.0
736.0,17.0,26.232517,200.0
736.0,17.0,26.466927,200.0
871.0,17.0,28.487589,200.0
871.0,17.0,29.66912,200.0
871.0,16.0,28.505035,200.0
871.0,16.0,27.236203,200.0
871.0,18.0,30.369071,200.0
871.0,17.0,29.981456,200.0
871.0,16.0,27.075923,200.0
871.0,17.0,28.851694,200.0
871.0,17.0,31.050955,200.0
871.0,17.0,29.664571,200.0
1032.0,18.0,37.095123,200.0
1032.0,17.0,36.770282,200.0
1032.0,17.0,36.084801,200.0
1032.0,17.0,36.075624,200.0
1032.0,17.0,35.647309,200.0
1032.0,17.0,38.258273,200.0
1032.0,17.0,37.105646,200.0
1032.0,17.0,36.420007,200.0
1032.0,17.0,37.39499,200.0
1032.0,17.0,37.342523,200.0
1223.0,17.0,43.526117,200.0
1223.0,17.0,42.029869,200.0
1223.0,17.0,43.203122,200.0
1223.0,18.0,44.172676,200.0
1223.0,17.0,43.505089,200.0
1223.0,18.0,46.932634,200.0
1223.0,18.0,47.919962,200.0
1223.0,18.0,47.769393,200.0
1223.0,18.0,45.346495,200.0
1223.0,18.0,47.579675,200.0
1448.0,18.0,56.065985,200.0
1448.0,18.0,53.014871,200.0
1448.0,17.0,56.52517,200.0
1448.0,18.0,55.014748,200.0
1448.0,17.0,55.845618,200.0
1448.0,17.0,54.310709,200.0
1448.0,17.0,56.301501,200.0
1448.0,18.0,53.761681,200.0
1448.0,17.0,53.876115,200.0
1448.0,18.0,54.761823,200.0
1715.0,18.0,64.977119,200.0
1715.0,18.0,64.015956,200.0
1715.0,18.0,64.781679,200.0
1715.0,18.0,64.409808,200.0
1715.0,18.0,64.698579,200.0
1715.0,18.0,65.402465,200.0
1715.0,18.0,64.655839,200.0
1715.0,18.0,63.758643,200.0
1715.0,18.0,63.591289,200.0
1715.0,18.0,62.447977,200.0
2032.0,17.0,71.771603,200.0
2032.0,17.0,72.6383,200.0
2032.0,17.0,72.067993,200.0
2032.0,17.0,73.27185,200.0
2032.0,17.0,71.725578,200.0
2032.0,18.0,73.930045,200.0
2032.0,18.0,73.219679,200.0
2032.0,18.0,74.963835,200.0
2032.0,18.0,74.974316,200.0
2032.0,18.0,73.557476,200.0
2407.0,18.0,86.749042,200.0
2407.0,18.0,87.525147,200.0
2407.0,18.0,89.068268,200.0
2407.0,18.0,89.078262,200.0
2407.0,18.0,88.923567,200.0
2407.0,18.0,86.682927,200.0
2407.0,18.0,88.08837,200.0
2407.0,18.0,87.829686,200.0
2407.0,18.0,87.456907,200.0
2407.0,18.0,86.273803,200.0
2851.0,17.0,106.360874,200.0
2851.0,17.0,104.762704,200.0
2851.0,17.0,104.922717,200.0
2851.0,17.0,105.177427,200.0
2851.0,17.0,103.471646,200.0
2851.0,17.0,106.305049,200.0
2851.0,17.0,103.956548,200.0
2851.0,17.0,104.839538,200.0
2851.0,17.0,106.479629,200.0
2851.0,17.0,105.586619,200.0
3377.0,18.0,126.244521,200.0
3377.0,18.0,126.134406,200.0
3377.0,18.0,125.565692,200.0
3377.0,18.0,125.297115,200.0
3377.0,18.0,123.180152,200.0
3377.0,18.0,121.344745,200.0
3377.0,18.0,120.989864,200.0
3377.0,18.0,119.779735,200.0
3377.0,18.0,118.637384,200.0
3377.0,18.0,123.238854,200.0
4000.0,18.0,144.278611,200.0
4000.0,18.0,145.472145,200.0
4000.0,18.0,143.579324,200.0
4000.0,18.0,141.705462,200.0
4000.0,18.0,144.087157,200.0
4000.0,18.0,143.387554,200.0
4000.0,18.0,143.622535,200.0
4000.0,18.0,146.706699,200.0
4000.0,18.0,145.23932,200.0
4000.0,18.0,143.195971,200.0
